epoch,time,train/box_loss,train/cls_loss,train/dfl_loss,metrics/precision(B),metrics/recall(B),metrics/mAP50(B),metrics/mAP50-95(B),val/box_loss,val/cls_loss,val/dfl_loss,lr/pg0,lr/pg1,lr/pg2
1,9.82473,1.26127,3.48949,1.31398,0.01426,1,0.12635,0.03656,1.56859,4.12857,1.4366,0,0,0
2,18.2071,1.3664,4.13327,1.54423,0.05425,1,0.12629,0.04604,1.47376,3.70562,1.41904,1.6505e-05,1.6505e-05,1.6505e-05
3,24.7357,1.26727,3.05083,1.5128,0.66021,0.5,0.19071,0.09396,1.32638,3.45574,1.35304,3.26799e-05,3.26799e-05,3.26799e-05
4,30.8339,1.09533,3.02908,1.34937,0.69923,0.25,0.2781,0.16218,1.26693,3.10718,1.30918,4.85247e-05,4.85247e-05,4.85247e-05
5,37.5198,0.77811,2.72054,1.1881,0.28781,1,0.91167,0.52211,1.08766,2.58013,1.25199,6.40395e-05,6.40395e-05,6.40395e-05
6,44.0563,0.67891,2.01156,1.12788,0.78797,1,0.995,0.67184,0.83674,2.52154,1.11265,7.92242e-05,7.92242e-05,7.92242e-05
7,50.551,0.65791,1.52151,1.04444,0.48498,1,0.995,0.82126,0.77824,2.86795,1.00051,9.40788e-05,9.40788e-05,9.40788e-05
8,56.7071,0.60007,1.68146,1.04028,0.99177,0.5,0.66333,0.45686,0.86851,3.55231,0.99932,0.000108603,0.000108603,0.000108603
9,62.9954,0.63261,1.38745,0.99983,1,0.4981,0.51466,0.41135,0.96219,4.33624,1.03565,0.000122798,0.000122798,0.000122798
10,69.3825,0.70658,1.51998,1.12451,0.99631,0.5,0.50786,0.40622,0.99505,4.40215,1.08226,0.000136662,0.000136662,0.000136662
11,75.8406,0.48102,1.13628,0.97969,0.99563,0.5,0.54273,0.47973,0.90604,4.37107,1.09448,0.000150197,0.000150197,0.000150197
12,83.2522,0.51418,1.15219,1.0547,0.99259,0.5,0.55969,0.49144,0.85535,3.76646,1.06892,0.000163401,0.000163401,0.000163401
13,90.2414,0.42922,0.8577,0.88749,0.99074,0.5,0.50832,0.4273,0.84672,3.07297,1.02096,0.000176275,0.000176275,0.000176275
14,99.2671,0.58019,1.14177,0.91845,1,0.49414,0.50274,0.45037,0.93558,2.9082,1.10171,0.000188819,0.000188819,0.000188819
15,107.419,0.54371,0.94358,0.96735,1,0.48771,0.62187,0.46004,1.02864,2.30427,1.13448,0.000201034,0.000201034,0.000201034
16,114.765,0.55742,1.2255,1.09147,0.73433,1,0.995,0.6463,0.96292,1.96944,1.04079,0.000212918,0.000212918,0.000212918
17,121.856,0.39969,0.93871,0.96128,0.96947,0.98302,0.995,0.74593,0.93323,1.64446,0.9888,0.000224472,0.000224472,0.000224472
